<?xml version="1.0" encoding="UTF-8" ?>
<!DOCTYPE mapper
        PUBLIC "-//mybatis.org//DTD Mapper 3.0//EN"
        "http://mybatis.org/dtd/mybatis-3-mapper.dtd">
<mapper namespace="com.example.Ex02.mapper.CommentMapper">

    <select id="findByPostId" resultType="com.example.Ex02.Dto.CommentsDto">
        select
            c.id,
            c.content,
            c.parentId,
            c.createdAt,
            c.userId,
            c.status,
            m.nickname
        from
            comments c
        join
            members m on c.userId = m.id
        where
            c.postId = #{postId}
        order by
            c.id asc
    </select>

    <select id="findById" resultType="com.example.Ex02.Dto.CommentsDto">
        select * from comments where id = #{id}
    </select>

    <insert id="saveComment" parameterType="com.example.Ex02.Dto.CommentsDto">
        insert into comments (id, userId, postId, parentId, content)
        values (seqComments.nextval, #{userId}, #{postId}, #{parentId, jdbcType=NUMERIC}, #{content})
    </insert>

    <delete id="deleteComment" parameterType="long">
        delete from comments where id = #{id}
    </delete>

    <select id="countReplies" parameterType="long" resultType="int">
        select count(*) from comments where parentId = #{parentId}
    </select>

    <update id="updateStatusToDelete" parameterType="long">
        update comments
        set status = 'DELETED',
        content = '(삭제된 댓글입니다)'
        where id = #{id}
    </update>
</mapper>