<?xml version="1.0" encoding="UTF-8" ?>
<!DOCTYPE mapper
        PUBLIC "-//mybatis.org//DTD Mapper 3.0//EN"
        "http://mybatis.org/dtd/mybatis-3-mapper.dtd">
<mapper namespace="com.example.Ex02.mapper.FileMapper">

    <insert id="saveFile" parameterType="com.example.Ex02.Dto.FilesDto">
        insert into files (id, postId, originalFilename, storedFilepath, fileSize)
        values (seqFiles.nextval, #{postId}, #{originalFilename}, #{storedFilepath}, #{fileSize})
    </insert>

    <select id="findByPostId" resultType="com.example.Ex02.Dto.FilesDto">
        select * from files where postId = #{postId}
    </select>

    <select id="findById" resultType="com.example.Ex02.Dto.FilesDto">
        select * from files where id = #{id}
    </select>

    <delete id="deleteById" parameterType="long">
        delete from files where id = #{id}
    </delete>
</mapper>