<?xml version="1.0" encoding="UTF-8" ?>
<!DOCTYPE mapper
        PUBLIC "-//mybatis.org//DTD Mapper 3.0//EN"
        "http://mybatis.org/dtd/mybatis-3-mapper.dtd">
<mapper namespace="com.example.Ex02.mapper.MemberMapper">
    <insert id="insertMember">
        insert into members (
        id, username, password, nickname,
        gender, age, genre
        ) values (
        seqMembers.nextval,
        #{username},
        #{password},
        #{nickname},
        #{gender},
        #{age},
        #{genre}
        )
    </insert>

    <select id="findAll" resultType="com.example.Ex02.Dto.MembersDto">
        select * from members order by id asc
    </select>

    <select id="selectCountByUsername" resultType="int">
        select count(*)
        from members
        where username = #{username}
    </select>

    <select id="findByUsername" resultType="com.example.Ex02.Dto.MembersDto">
        select * from members
        where username = #{username} and status = 'ACTIVE'
    </select>

    <update id="updateMember" parameterType="com.example.Ex02.Dto.MembersDto">
        update members
        set password = #{password},
        nickname = #{nickname},
        gender = #{gender},
        age = #{age},
        genre = #{genre}
        where id = #{id}
    </update>

    <update id="softDeleteMember" parameterType="long">
        update members
        set status = 'DELETED',
        deletedAt = CURRENT_TIMESTAMP
        where id = #{id}
    </update>
</mapper>