<?xml version="1.0" encoding="UTF-8" ?>
<!DOCTYPE mapper
        PUBLIC "-//mybatis.org//DTD Mapper 3.0//EN"
        "http://mybatis.org/dtd/mybatis-3-mapper.dtd">
<mapper namespace="com.example.Ex02.mapper.PostMapper">

    <insert id="savePost" parameterType="com.example.Ex02.Dto.PostsDto">
        <selectKey keyProperty="id" resultType="long" order="BEFORE">
            select seqPosts.nextval from dual
        </selectKey>
        insert into posts ( id, userId, boardId, title, content  )
        values (#{id}, #{userId}, #{boardId}, #{title}, #{content})
    </insert>

    <select id="findPaginatedByBoardCode" parameterType="com.example.Ex02.Dto.BoardParam" resultType="com.example.Ex02.Dto.PostsDto">
        select
        p.id, p.title, p.userId, m.nickname, p.viewCount, p.createdAt
        from
        posts p
        join
        members m on p.userId = m.id
        join
        boards b on p.boardId = b.id
        <where>
            b.code = #{boardCode}
            <if test="keyword != null and keyword != ''">
                <choose>
                    <when test="whatColumn == 'title'">
                        and p.title like '%' || #{keyword} || '%'
                    </when>
                    <when test="whatColumn == 'content'">
                        and p.content like '%' || #{keyword} || '%'
                    </when>
                    <when test="whatColumn == 'nickname'">
                        and m.nickname like '%' || #{keyword} || '%'
                    </when>
                </choose>
            </if>
        </where>
        order by
        p.id desc
        offset #{offset} rows fetch next #{limit} rows only
    </select>

    <select id="countByBoardCode" parameterType="com.example.Ex02.Dto.BoardParam" resultType="int">
        select
        count(*)
        from
        posts p
        join
        members m ON p.userId = m.id
        join
        boards b ON p.boardId = b.id
        <where>
            b.code = #{boardCode}
            <if test="keyword != null and keyword != ''">
                <choose>
                    <when test="whatColumn == 'title'">
                        and p.title like '%' || #{keyword} || '%'
                    </when>
                    <when test="whatColumn == 'content'">
                        and p.content like '%' || #{keyword} || '%'
                    </when>
                    <when test="whatColumn == 'nickname'">
                        and m.nickname like '%' || #{keyword} || '%'
                    </when>
                </choose>
            </if>
        </where>
    </select>

    <select id="findById" resultType="com.example.Ex02.Dto.PostsDto">
        select
        p.id,
        p.title,
        p.content,
        p.userId,
        m.nickname,
        p.viewCount,
        p.createdAt
        from
        posts p
        join
        members m on p.userId = m.id
        where
        p.id = #{postId}
    </select>

    <select id="findBoardCodeByPostId" parameterType="long" resultType="string">
        select b.code
        from posts p
        join boards b on p.boardId = b.id
        where p.id = #{postId}
    </select>

    <update id="updateViewCount">
        update posts set viewCount = viewCount + 1 where id = #{postId}
    </update>

    <update id="updatePost" parameterType="com.example.Ex02.Dto.PostsDto">
        update posts
        set title = #{title},
        content = #{content},
        updatedAt = CURRENT_TIMESTAMP
        where id = #{id}
    </update>

    <delete id="deletePost" parameterType="long">
        delete from posts where id = #{postId}
    </delete>
</mapper>